Clé;Français;Pulaar (à corriger)
common.siteName;Nom du site;Goomu Fulo Wiɗto
common.siteSlogan;Slogan du site;Fedde Ɗemngal Pulaar
common.since;Depuis;Gila 2024
common.discover;Découvrir;Yiytu
common.readMore;Lire plus;Janngol goɗɗum
common.learnMore;En savoir plus;Anndude goɗɗum
common.search;Rechercher;Yiylo
common.submit;Envoyer;Neldu
common.contact;Contact;Jokkondiral
common.library;Bibliothèque;Defte-manti
nav.home;Accueil;Jaɓɓorgo
nav.institution;L'institution;Fedde ndee
nav.history;Histoire;Taariik
nav.missions;Missions;Golle
nav.organization;Organisation;Yuɓɓo
nav.statutes;Statuts;Sariyaaji
nav.immortals;Les érudits;Janngooɓe
nav.members;Membres;Terɗe
nav.becomeImmortal;Devenir membre;Wontude terɗe
nav.greenCoat;Habit vert;Comci e kaafaahi
nav.speeches;Discours;Haalaaji
nav.language;La langue Pulaar;Ɗemngal Pulaar
nav.frenchToday;Pulaar aujourd'hui;Pulaar hannde
nav.languageQuestions;Questions de langue;Naamne ɗemngal
nav.terminology;Terminologie;Helmere
nav.sayDontSay;Dire, Ne pas dire;Haalu, Woto haalu
nav.dictionary;Le Dictionnaire;Saggitorde
nav.ninthEdition;Première édition;Weccitaare gadane
nav.ninePrefaces;Préfaces;Deftere
nav.onlineDictionary;Dictionnaire en ligne;Saggitorde e internet
nav.prizes;Prix;Njeenaaje
nav.literaryPrizes;Prix littéraires;Njeenaaje binndol
nav.workPrizes;Prix de travail;Njeenaaje golle
nav.laureates;Lauréats;Jaaɓe
nav.news;Actualités;Kabaruuji
hero.title1;Événement 2025;Pottital 2025
hero.subtitle1;Découvrez les grands prix de cette session;Yiytu sakkeeji mawɗi ndee julotiral
hero.title2;Le Dictionnaire;Saggitorde
hero.subtitle2;Première édition du Dictionnaire Goomu Fulo Wiɗto;Weccitaare gadane Saggitorde Goomu Fulo Wiɗto
hero.title3;La langue Pulaar;Ɗemngal Pulaar
hero.subtitle3;Gardienne de la langue, Goomu Fulo Wiɗto protège le Pulaar;Doomtotooɗo ɗemngal, Goomu Fulo Wiɗto reeni Pulaar
hero.title4;Les érudits;Janngooɓe
hero.subtitle4;Membres dévoués pour la langue et la culture Pulaar;Terɗe golloowo ngam ɗemngal e pinal Pulaar
hero.consultDictionary;Consulter le Dictionnaire;Yeewtude Saggitorde
hero.scroll;Défiler;Tellu
features.sectionLabel;Nos missions;Golle amen
features.title;Au service de;E wallitorde 
features.titleHighlight;la langue Pulaar;ɗemngal Pulaar
features.description;Goomu Fulo Wiɗto accomplit trois grandes missions: rédiger le Dictionnaire, protéger la langue Pulaar, et décerner des prix littéraires.;Goomu Fulo Wiɗto ngollata golle tati mawɗe: winndude Saggitorde, reende ɗemngal Pulaar, e rokkude njeenaaje binndol.
features.institution.title;L'institution;Fedde ndee
features.institution.description;Créée pour la langue Pulaar, Goomu Fulo Wiɗto est une institution de gardiens de la langue.;Sosaa ngam ɗemngal Pulaar, Goomu Fulo Wiɗto ko fedde reentooɓe ɗemngal.
features.dictionary.title;Le Dictionnaire;Saggitorde
features.dictionary.description;Goomu Fulo Wiɗto construit le Dictionnaire, livre de référence de la langue Pulaar.;Goomu Fulo Wiɗto woni e mahde Saggitorde, deftere jogoore ɗemngal Pulaar.
features.prizes.title;Les Prix;Njeenaaje
features.prizes.description;Chaque année, Goomu Fulo Wiɗto décerne des prix littéraires.;Hitaande kala, Goomu Fulo Wiɗto hokkata njeenaaje binndol.
features.immortals.title;Les érudits;Janngooɓe
features.immortals.description;Membres élus qui composent Goomu Fulo Wiɗto, gardiens de la langue et culture.;Terɗe cuɓaaɗe mbana Goomu Fulo Wiɗto, reentooɓe ɗemngal e pinal.
news.sectionLabel;Restez informé;Heɓu kabaruuji
news.title;Actualités;Kabaruuji 
news.titleHighlight;Goomu Fulo Wiɗto;Goomu Fulo Wiɗto
news.viewAll;Toutes les actualités;Kabaruuji fow
news.candidacy;Candidature;Cownagol
news.election;Élection;Suɓagol
news.sayDontSay;Dire, Ne pas dire;Haalu, Woto haalu
news.literaryPrizes;Prix littéraires;Njeenaaje binndol
sayDontSay.sectionLabel;La langue Pulaar;Ɗemngal Pulaar
sayDontSay.title;Dire, ;Haalu, 
sayDontSay.titleHighlight;Ne pas dire;Woto haalu
sayDontSay.intro;Quels mots, quelles formes choisir entre ce qu'on entend et ce qu'on dit? Goomu Fulo Wiɗto vous guide dans l'utilisation correcte du Pulaar.;Ɗume kelme, ɗume mbaydi suɓaade, jogaade walla salaade hakkunde ko nanee e ko haalee? Goomu Fulo Wiɗto ndaardata on e huutoraade ɗemngal Pulaar no haaniri.
sayDontSay.discoverSection;Découvrir cette rubrique;Yiytu taƴre ndee
sayDontSay.weSay;On dit;Haalen
sayDontSay.weDontSay;On ne dit pas;Woto haalu
sayDontSay.faultyUsage;Usages fautifs;Kuutorɗe booɗɗe
sayDontSay.anglicisms;Emprunts;Kelme janane
sayDontSay.abusiveExtensions;Extensions abusives;Feertingol bonngol
dictionary.sectionLabel;Dictionnaire Pulaar;Saggitorde Pulaar
dictionary.title;Le ;Nde 
dictionary.titleHighlight;Dictionnaire;Saggitorde
dictionary.intro;Le Dictionnaire de Goomu Fulo Wiɗto est le livre de référence qui définit l'usage du Pulaar. Consultez-le en ligne.;Saggitorde Goomu Fulo Wiɗto ko deftere jogoore nde darnoti huutoraade Pulaar. Yeewtaa e internet.
dictionary.wordsStartingWith;Mots commençant par;Kelme puɗɗortooɗe e
dictionary.similarWords;Mots similaires;Kelme pottiiɗe
dictionary.searchPlaceholder;Rechercher un mot...;Yiylo helmere...
dictionary.editions;Éditions;Weccitaaje
dictionary.wordsDefined;Mots définis;Kelme faamninaaɗe
dictionary.yearsOfWork;Années de travail;Duuɓi golle
dictionary.volumesPublished;Tomes publiés;Tome mbinndaaɗe
dictionary.result;résultat;ko heɓii
dictionary.results;résultats;ɗon heɓii
dictionary.noResults;Aucun résultat;Alaa ko heɓii
dictionary.searchPrompt;Tapez un mot ou sélectionnez une lettre pour commencer;Winndu helmere walla suɓo harfeere ngam fuɗɗorde
dictionary.availableWords;mots disponibles dans le dictionnaire;helme tawaaɗe e saggitorde ndee
dictionary.listenPronunciation;Écouter la prononciation;Heɗo no wiyete
dictionary.listenExample;Écouter l'exemple;Heɗo yeru o
about.title;À propos;Baɗte
about.highlight;Goomu Fulo Wiɗto;Goomu Fulo Wiɗto
about.intro;Goomu Fulo Wiɗto est une institution dédiée à la préservation et la promotion de la langue Pulaar.;Goomu Fulo Wiɗto ko fedde toppitiiɗo reentaade, ɓamtaade e ƴellitaade ɗemngal Pulaar.
about.missionTitle;Notre Mission;Golle Amen
about.mission;Notre mission est de construire un dictionnaire complet de la langue Pulaar et de promouvoir son usage dans l'éducation et les médias.;Golle amen ko mahde saggitorde timmuɗo ɗemngal Pulaar, ɓamtude huutoraade mum e jaŋde e jaayndeeli, e reentaade pinal Fulɓe e ɗemngal maɓɓe.
about.historyTitle;Notre Histoire;Taariik Amen
about.history;Fondée par des experts linguistiques, des écrivains et des passionnés de la culture Pulaar, Goomu Fulo Wiɗto a commencé à répondre au besoin de documenter et de standardiser le Pulaar à l'ère d'internet.;Sosaa e dental ganndooji ɗemngal, winnderɓe e yarlitanɓe pinal Pulaar, Goomu Fulo Wiɗto fuɗɗii ngam jaɓɓaade waɗɗagol binndude e darnaade Pulaar e waktu internet.
about.valuesTitle;Nos Valeurs;Jojjanɗe Amen
about.values.preservation.title;Préservation;Reentaade
about.values.preservation.desc;Préserver et documenter le patrimoine linguistique Pulaar;Reentude e binndude ndonu ɗemngal Pulaar
about.values.education.title;Éducation;Jaŋde
about.values.education.desc;Promouvoir l'enseignement du Pulaar dans les écoles;Ɓamtude janngude Pulaar e duɗe
about.values.innovation.title;Innovation;Kese
about.values.innovation.desc;Utiliser la technologie pour diffuser la langue;Huutoraade karallaaji ngam saakde ɗemngal
about.values.unity.title;Unité;Kawral
about.values.unity.desc;Rassembler les locuteurs Pulaar du monde entier;Renndinde haaltooɓe Pulaar aduna fof
contact.title;Contact;Jokkondiral
contact.subtitle;Contactez-nous;Jokkondiren e amen
contact.infoTitle;Informations;Kumpital
contact.address;Adresse;Ɗo ngonɗen
contact.phone;Téléphone;Telefon
contact.form.name;Nom complet;Innde timmuɗe
contact.form.email;Email;Iimeel
contact.form.subject;Sujet;Toɓɓere
contact.form.message;Message;Message
contact.form.send;Envoyer;Neldu
contact.form.sending;Envoi en cours...;Neldude...
contact.form.success;Message envoyé!;Ɓataake neldaama!
contact.form.error;Une erreur s'est produite. Réessayez.;Juumre waɗii. Fuɗɗito.
contact.form.required;Ce champ est requis;Ɗum waɗɗii
library.title;Nos Livres;Defte Amen
library.intro;Découvrez et téléchargez nos livres en langue Pulaar;Yiytu e aawto defte amen e ɗemngal Pulaar
library.stats.books;Livres;Defte
library.stats.downloads;Téléchargements;Aawtodi
library.filters.label;Filtrer par :;Suɓagol :
library.filters.all;Tous;Fof
library.book.freeDownload;Télécharger Gratuitement;Aawto Mehre
library.book.buyNow;Acheter Maintenant;Sood Jooni
library.book.contactUs;Nous Contacter;Jokkondir e amen
library.book.noBooks;Aucun livre trouvé;Alaa defte tawtaa
library.book.checkBack;Revenez bientôt pour voir les nouveautés!;Wartu jooni ngam yiyde kabaruuji kese !
library.book.categories.roman;Roman;Tinndi
library.book.categories.poesie;Poésie;Jimol
library.book.categories.essai;Essai;Eseey
library.book.categories.histoire;Histoire;Taariik
library.book.categories.linguistique;Linguistique;Ɗemngal
library.book.categories.dictionnaire;Dictionnaire;Saggitorde
library.book.categories.enfants;Livres pour enfants;Defte sukaaɓe
library.book.categories.autre;Autre;Goɗɗum
members.readMore;Lire plus;Janngol goɗɗum
members.readLess;Réduire;Ustu
members.since;Depuis;Gila
members.noMembers;Aucun membre enregistré;Alaa tergal winndaa
footer.description;Goomu Fulo Wiɗto est une institution dédiée à la définition de la langue Pulaar et de son dictionnaire.;Goomu Fulo Wiɗto ko fedde ina toppitii faamninirde ɗemngal Pulaar e saggitorde mum.
footer.institution;L'institution;Fedde ndee
footer.language;La langue;Ɗemngal ngal
footer.services;Services;Balluuji
footer.stayInformed;Restez informé;Heɓu kabaruuji
footer.newsletterText;Recevez les dernières actualités de Goomu Fulo Wiɗto.;Heɓu kabaruuji cakkitiiɗi Goomu Fulo Wiɗto.
footer.emailPlaceholder;Votre email;Iimeel maa
footer.copyright;Goomu Fulo Wiɗto. Tous droits réservés.;Goomu Fulo Wiɗto. Jojjanɗe fow ndaanitaa.
footer.legalNotice;Mentions légales;Baɗte sariya
footer.privacy;Politique de confidentialité;Dawiree cuuɗii
footer.accessibility;Accessibilité;Heɓtineede
admin.sidebar.dashboard;Tableau de bord;Jaagere
admin.sidebar.dictionary;Dictionnaire;Saggitorde
admin.sidebar.members;Membres;Terɗe
admin.sidebar.news;Actualités;Kabaruuji
admin.sidebar.content;Dire, Ne pas dire;Haalu, Woto haalu
admin.sidebar.library;Bibliothèque;Defte-manti
admin.sidebar.viewSite;Voir le site;Yiyde lowre ndee
admin.sidebar.logout;Déconnexion;Teppitante
admin.header.welcome;Bienvenue;Bismilla
admin.header.loading;Chargement...;Heɓtude...
admin.header.loadingDictionary;Chargement du dictionnaire...;Heɓtude saggitorde ndee...
admin.header.loadingMembers;Chargement des membres...;Heɓtude terɗe ɗee...
admin.header.loadingBooks;Chargement des livres...;Heɓtude defte ɗee...
admin.dashboard.title;Tableau de bord;Jaagere
admin.dashboard.stats.words;Mots dans le dictionnaire;Helmere e saggitorde
admin.dashboard.stats.members;Membres / Érudits;Terɗe / Gandalɓe
admin.dashboard.stats.news;Actualités publiées;Kabaruuji bayyinaaɗi
admin.dashboard.stats.content;Dire, Ne pas dire;Wiide, Woto wiide
admin.dashboard.welcomeCard.title;Bienvenue sur le tableau de bord;Bismilla e jaagere
admin.dashboard.welcomeCard.text;Utilisez le menu à gauche pour gérer le contenu du site Goomu Fulo Wiɗto :;Huutora doggol nano ngam feewnude ko woni e lowre Goomu Fulo Wiɗto :
admin.dashboard.welcomeCard.dict;Ajouter, modifier ou supprimer des mots;Ɓeydude, waylude walla momtude kelme
admin.dashboard.welcomeCard.members;Gérer les érudits et leurs biographies;Feewnude gandalɓe e nguurndam muudum'en
admin.dashboard.welcomeCard.news;Publier des actualités et articles;Bayyinde kabaruuji e winndanɗe
admin.dashboard.welcomeCard.content;Gérer les expressions linguistiques;Feewnude kelme ɗemngal
admin.common.add;Ajouter;Ɓeydude
admin.common.edit;Modifier;Waylude
admin.common.delete;Supprimer;Momtude
admin.common.save;Enregistrer;Hisnude
admin.common.cancel;Annuler;Faytude
admin.common.actions;Actions;Kuuɗe
admin.common.confirmDelete;Confirmer la suppression ?;A jaɓii momtude ?
admin.common.noData;Aucune donnée;Alaa ko heɓii
admin.common.errorSaving;Erreur lors de l'enregistrement;Juumre e hisnude
admin.common.select;Sélectionner...;Suɓagol...
admin.dictionary.title;Dictionnaire;Saggitorde
admin.dictionary.add;Ajouter un mot;Ɓeydude helmere
admin.dictionary.edit;Modifier le mot;Waylude helmere
admin.dictionary.wordPulaar;Mot (Pulaar);Helmere (Pulaar)
admin.dictionary.translationFr;Français;Faransikoore
admin.dictionary.translationEn;Anglais;Engeleere
admin.dictionary.translationFf;Pulaar;Pulaar
admin.dictionary.category;Catégorie;Mbaydi
admin.dictionary.example;Exemple;Yerirun
admin.dictionary.audioWord;Audio du mot;Bi'ol helmere ndee
admin.dictionary.audioExample;Audio de l'exemple;Bi'ol yerirun ngun
admin.dictionary.noWords;Aucun mot dans le dictionnaire;Alaa helmere e saggitorde
admin.dictionary.record;Enregistrer;Hisnude
admin.dictionary.stop;Arrêter;Dartude
admin.dictionary.reRecord;Ré-enregistrer;Hisnude goɗɗum
admin.dictionary.searchPlaceholder;Rechercher un mot...;Yiylo helmere...
admin.dictionary.catNom;Nom;Innde (Nom)
admin.dictionary.catVerbe;Verbe;Gollal (Verbe)
admin.dictionary.catAdjectif;Adjectif;Sifa (Adjectif)
admin.dictionary.catAdverbe;Adverbe;Sifa-gollal (Adverbe)
admin.dictionary.catExpression;Expression;Bihol (Expression)
admin.dictionary.placeholderFr;Traduction française...;Faamninaare Faransikoore...
admin.dictionary.placeholderFf;Traduction Pulaar...;Faamninaare Pulaar...
admin.dictionary.placeholderEn;Traduction anglaise...;Faamninaare Engeleere...
admin.dictionary.examplePlaceholder;Exemple d'utilisation...;Yerirun...
admin.members.title;Membres;Terɗe
admin.members.add;Ajouter un membre;Ɓeydude tergal
admin.members.edit;Modifier le membre;Waylude tergal
admin.members.name;Nom;Innde
admin.members.role;Rôle;Gollal
admin.members.specialty;Spécialité;Karallaagal
admin.members.joined;Membre depuis;Naatii e
admin.members.noMembers;Aucun membre enregistré;Alaa tergal heɓaa
admin.members.photo;Photo;Nate
admin.members.clickToPhoto;Cliquez pour ajouter une photo;Dobi ngam ɓeydude nate
admin.members.joinedPlaceholder;Ex: 2020;Ex: 2020
admin.members.specialtyPlaceholder;Ex: Expertise Pulaar;Ex: Gandal Pulaar
admin.members.socialMedia;Réseaux sociaux;Jokkondiral e Janngooɓe
admin.members.roleLabel;Rôle;Gollal
admin.members.rolePlaceholderFr;Ex: Secrétaire général;Ex: Koolaaɗo kuuɓal
admin.books.title;Bibliothèque;Defte-manti
admin.books.add;Ajouter un livre;Ɓeydude deftere
admin.books.edit;Modifier le livre;Waylude deftere
admin.books.titleLabel;Titre;Tiitoonde
admin.books.author;Auteur;Binnduɗo
admin.books.price;Prix;Coggu
admin.books.free;Gratuit;Meere
admin.books.noBooks;Aucun livre enregistré;Alaa deftere heɓaa
admin.books.cover;Couverture;Nate
admin.books.file;Fichier;Winndannde
admin.books.downloads;Téléchargements;Tellitinaa
admin.books.notPublished;Non publié;Yaltinaaka
admin.books.coverLabel;Image de couverture;Nate deftere ndee
admin.books.fileLabel;Fichier du livre (PDF, EPUB, ...);Winndannde deftere ndee (PDF, EPUB, ...)
admin.books.existingFile;Fichier existant;Winndannde wonnde nii
admin.books.clickToAddFile;Cliquez pour ajouter un fichier;Dobo ngam ɓeydude winndannde
admin.books.year;Année;Hitaande
admin.books.description;Description;Cifol
admin.books.pricing;Tarification;Njeenaari
admin.books.paymentLink;Lien de paiement;Jokkondiral yoɓo
admin.books.publishThis;Publier ce livre;Yaltinde ndee deftere
admin.news.title;Actualités;Kabaaruuji
admin.news.add;Ajouter une actualité;Ɓeydude kabaaru
admin.news.edit;Modifier l'actualité;Waylude kabaaru
admin.news.titleLabel;Titre;Tiitoonde
admin.news.category;Catégorie;Mbaydi
admin.news.date;Date;Ñalngu
admin.news.status;Statut;Mbaydi
admin.news.published;Publié;Yaltinaama
admin.news.draft;Brouillon;Binndol
admin.news.image;Image à la une;Nate dow
admin.news.excerpt;Extrait;Dow-kabaaru
admin.news.content;Contenu;Kuurun kabaaru
admin.news.publishNow;Publier maintenant;Yaltinde jooni
admin.news.noNews;Aucune actualité publiée;Alaa kabaaru yaltinaa
admin.news.coverLabel;Image de l'actualité;Nate kabaaru oo
admin.news.clickToAddImage;Cliquez pour ajouter une image;Dobo ngam ɓeydude nate
admin.news.redirectLink;Lien de redirection (URL);Jokkondiral (URL)
admin.news.contactEmail;Email de contact;E-maayel
admin.news.contactPhone;Téléphone de contact;Telefoon
admin.news.catEvent;Événement;Pottital
admin.content.title;Dire, Ne pas dire;Wiyde e wiyde ala
admin.content.add;Ajouter une expression;Ɓeydude bihol
admin.content.edit;Modifier l'expression;Waylude bihol
admin.content.dire;On dit;Wiyde
admin.content.nePasDire;On ne dit pas;Wiyde ala
admin.content.explanation;Explication;Pinal
admin.content.noContent;Aucune expression enregistrée;Alaa bihol winndaa
admin.content.catCommon;Erreurs courantes;Boofooti
admin.content.catBorrowings;Emprunts;Emprunts
admin.content.catIncorrect;Usage incorrect;Kuutoragol bonngol
admin.content.catGrammar;Règles grammaticales;Sariyaaji ɗemngal
admin.content.weSayLabel;On dit;Ma-en wiy
admin.content.weDontSayLabel;On ne dit pas;Wana nii wiyete
admin.content.explanationLabel;Explication;Pinal
